mean_fit_time,std_fit_time,mean_score_time,std_score_time,param_min_samples_split,param_min_samples_leaf,param_max_depth,param_criterion,params,split0_test_score,split1_test_score,split2_test_score,split3_test_score,split4_test_score,mean_test_score,std_test_score,rank_test_score
0.0303250789642334,0.004504788208580807,0.013243722915649413,0.0030983292689354446,5,2,10,gini,"{'min_samples_split': 5, 'min_samples_leaf': 2, 'max_depth': 10, 'criterion': 'gini'}",0.9120879120879121,0.9010989010989011,0.9560439560439561,0.945054945054945,0.9010989010989011,0.9230769230769231,0.02305074391582751,33
0.025060510635375975,0.005201076054823256,0.008173036575317382,0.002400552943947288,5,2,7,gini,"{'min_samples_split': 5, 'min_samples_leaf': 2, 'max_depth': 7, 'criterion': 'gini'}",0.9120879120879121,0.9010989010989011,0.9560439560439561,0.945054945054945,0.9010989010989011,0.9230769230769231,0.02305074391582751,33
0.028585243225097656,0.0014394617891878847,0.009285068511962891,0.0007626387271669236,5,1,5,entropy,"{'min_samples_split': 5, 'min_samples_leaf': 1, 'max_depth': 5, 'criterion': 'entropy'}",0.9560439560439561,0.9120879120879121,0.967032967032967,0.9340659340659341,0.9120879120879121,0.9362637362637363,0.02241327258722105,10
0.024771499633789062,0.002095655686029676,0.007976150512695313,0.0018152807372957488,5,4,7,entropy,"{'min_samples_split': 5, 'min_samples_leaf': 4, 'max_depth': 7, 'criterion': 'entropy'}",0.967032967032967,0.9010989010989011,0.9340659340659341,0.9340659340659341,0.9230769230769231,0.9318681318681319,0.0213084828897421,14
0.014477968215942383,0.0015375290639676343,0.006158685684204102,0.0002996634019641688,2,1,3,gini,"{'min_samples_split': 2, 'min_samples_leaf': 1, 'max_depth': 3, 'criterion': 'gini'}",0.945054945054945,0.9010989010989011,0.945054945054945,0.9340659340659341,0.9340659340659341,0.9318681318681319,0.016150481820548408,14
0.013971281051635743,0.0015513169607357428,0.0047623634338378905,0.000606138196566752,10,4,7,gini,"{'min_samples_split': 10, 'min_samples_leaf': 4, 'max_depth': 7, 'criterion': 'gini'}",0.945054945054945,0.9120879120879121,0.9230769230769231,0.9340659340659341,0.9010989010989011,0.9230769230769231,0.015540808377726312,33
0.010596323013305663,0.0019890460216853622,0.0036421298980712892,0.0007627750219534833,2,2,10,gini,"{'min_samples_split': 2, 'min_samples_leaf': 2, 'max_depth': 10, 'criterion': 'gini'}",0.9120879120879121,0.8791208791208791,0.9560439560439561,0.945054945054945,0.8901098901098901,0.9164835164835164,0.02997402570766124,48
0.00995464324951172,0.0011553768908932327,0.0036618709564208984,0.0008252041278343917,10,1,7,entropy,"{'min_samples_split': 10, 'min_samples_leaf': 1, 'max_depth': 7, 'criterion': 'entropy'}",0.978021978021978,0.9010989010989011,0.978021978021978,0.945054945054945,0.9340659340659341,0.9472527472527472,0.028991002106094305,1
0.009425020217895508,0.002016159659339319,0.004198789596557617,0.000812008893451769,5,1,5,gini,"{'min_samples_split': 5, 'min_samples_leaf': 1, 'max_depth': 5, 'criterion': 'gini'}",0.9120879120879121,0.9010989010989011,0.978021978021978,0.9120879120879121,0.9120879120879121,0.923076923076923,0.02780024316631541,44
0.012199974060058594,0.0025148529177851714,0.0061527729034423825,0.0019617904681479533,10,4,10,gini,"{'min_samples_split': 10, 'min_samples_leaf': 4, 'max_depth': 10, 'criterion': 'gini'}",0.945054945054945,0.9120879120879121,0.9230769230769231,0.9340659340659341,0.9010989010989011,0.9230769230769231,0.015540808377726312,33
0.01597743034362793,0.0018887795114280812,0.006198406219482422,0.0011443764463352774,2,1,10,entropy,"{'min_samples_split': 2, 'min_samples_leaf': 1, 'max_depth': 10, 'criterion': 'entropy'}",0.9560439560439561,0.9120879120879121,0.9560439560439561,0.9230769230769231,0.9230769230769231,0.9340659340659341,0.01838813245129838,11
0.014059209823608398,0.0009301921026693703,0.005873203277587891,0.0009183277449797508,10,4,8,gini,"{'min_samples_split': 10, 'min_samples_leaf': 4, 'max_depth': 8, 'criterion': 'gini'}",0.945054945054945,0.9120879120879121,0.9230769230769231,0.9340659340659341,0.9010989010989011,0.9230769230769231,0.015540808377726312,33
0.01649312973022461,0.0017472796202818608,0.0065572261810302734,0.0011031662436159014,10,1,5,entropy,"{'min_samples_split': 10, 'min_samples_leaf': 1, 'max_depth': 5, 'criterion': 'entropy'}",0.978021978021978,0.9010989010989011,0.978021978021978,0.945054945054945,0.9340659340659341,0.9472527472527472,0.028991002106094305,1
0.017002105712890625,0.0019822987947447322,0.005521965026855469,0.0013616108088606617,10,2,10,entropy,"{'min_samples_split': 10, 'min_samples_leaf': 2, 'max_depth': 10, 'criterion': 'entropy'}",0.978021978021978,0.9010989010989011,0.978021978021978,0.945054945054945,0.9340659340659341,0.9472527472527472,0.028991002106094305,1
0.014377784729003907,0.0012546603459849218,0.005955171585083008,0.0009597407679345294,2,2,5,gini,"{'min_samples_split': 2, 'min_samples_leaf': 2, 'max_depth': 5, 'criterion': 'gini'}",0.9120879120879121,0.9010989010989011,0.9560439560439561,0.945054945054945,0.9120879120879121,0.9252747252747253,0.021308482889742117,29
0.011812067031860352,0.0014045082929025209,0.004607534408569336,0.0007472493882642358,5,2,3,gini,"{'min_samples_split': 5, 'min_samples_leaf': 2, 'max_depth': 3, 'criterion': 'gini'}",0.9340659340659341,0.9010989010989011,0.945054945054945,0.9340659340659341,0.9340659340659341,0.9296703296703297,0.014906219743132446,24
0.013842487335205078,0.0026283766365582293,0.004399728775024414,0.0007881463001108102,2,1,7,gini,"{'min_samples_split': 2, 'min_samples_leaf': 1, 'max_depth': 7, 'criterion': 'gini'}",0.9230769230769231,0.8901098901098901,0.9340659340659341,0.9010989010989011,0.945054945054945,0.9186813186813186,0.020381579110979577,47
0.01074676513671875,0.002616214673109703,0.003200531005859375,0.00028960908048360483,5,1,8,gini,"{'min_samples_split': 5, 'min_samples_leaf': 1, 'max_depth': 8, 'criterion': 'gini'}",0.9230769230769231,0.9010989010989011,0.967032967032967,0.8901098901098901,0.9230769230769231,0.9208791208791209,0.026373626373626387,45
0.009398984909057616,0.0013101574096951298,0.003321409225463867,0.0003201335318850762,5,2,3,entropy,"{'min_samples_split': 5, 'min_samples_leaf': 2, 'max_depth': 3, 'criterion': 'entropy'}",0.978021978021978,0.9120879120879121,0.945054945054945,0.945054945054945,0.9340659340659341,0.9428571428571428,0.0213084828897421,5
0.009738731384277343,0.0015817879464364115,0.0036315441131591795,0.0005322517235070649,10,4,5,entropy,"{'min_samples_split': 10, 'min_samples_leaf': 4, 'max_depth': 5, 'criterion': 'entropy'}",0.967032967032967,0.9010989010989011,0.945054945054945,0.9340659340659341,0.9560439560439561,0.9406593406593406,0.02262775855161978,7
0.011233949661254882,0.001651344259771824,0.004241371154785156,0.0006936486171727186,5,1,8,entropy,"{'min_samples_split': 5, 'min_samples_leaf': 1, 'max_depth': 8, 'criterion': 'entropy'}",0.945054945054945,0.9230769230769231,0.9560439560439561,0.9230769230769231,0.9120879120879121,0.9318681318681319,0.016150481820548433,14
0.01259021759033203,0.0007491543263877379,0.003939294815063476,0.0008010252804354244,2,4,7,entropy,"{'min_samples_split': 2, 'min_samples_leaf': 4, 'max_depth': 7, 'criterion': 'entropy'}",0.967032967032967,0.9010989010989011,0.9340659340659341,0.9340659340659341,0.9230769230769231,0.9318681318681319,0.0213084828897421,14
0.010979413986206055,0.0017777769688305124,0.0038524627685546874,0.0005922715738823882,5,2,8,entropy,"{'min_samples_split': 5, 'min_samples_leaf': 2, 'max_depth': 8, 'criterion': 'entropy'}",0.945054945054945,0.9230769230769231,0.9560439560439561,0.9340659340659341,0.9120879120879121,0.9340659340659341,0.015540808377726326,11
0.00954890251159668,0.001120293807068362,0.003244924545288086,0.00020804418873787906,2,2,8,gini,"{'min_samples_split': 2, 'min_samples_leaf': 2, 'max_depth': 8, 'criterion': 'gini'}",0.9120879120879121,0.8791208791208791,0.9560439560439561,0.945054945054945,0.8901098901098901,0.9164835164835164,0.02997402570766124,48
0.007597017288208008,0.0007394845226589228,0.003319120407104492,0.0007255466609319838,2,4,8,gini,"{'min_samples_split': 2, 'min_samples_leaf': 4, 'max_depth': 8, 'criterion': 'gini'}",0.9230769230769231,0.9120879120879121,0.9230769230769231,0.9560439560439561,0.9010989010989011,0.9230769230769231,0.01838813245129838,33
0.00825514793395996,0.0006483637199796166,0.004259777069091797,0.0010732827440200342,10,1,5,gini,"{'min_samples_split': 10, 'min_samples_leaf': 1, 'max_depth': 5, 'criterion': 'gini'}",0.9340659340659341,0.9120879120879121,0.978021978021978,0.9120879120879121,0.9230769230769231,0.9318681318681319,0.024473689506945142,14
0.015744924545288086,0.004596725291706194,0.004606294631958008,0.0005210121970757084,2,2,7,entropy,"{'min_samples_split': 2, 'min_samples_leaf': 2, 'max_depth': 7, 'criterion': 'entropy'}",0.9340659340659341,0.9230769230769231,0.9560439560439561,0.9340659340659341,0.9120879120879121,0.9318681318681319,0.014578570507056717,14
0.015027189254760742,0.003888067684040777,0.0056685924530029295,0.001530192375917445,5,2,7,entropy,"{'min_samples_split': 5, 'min_samples_leaf': 2, 'max_depth': 7, 'criterion': 'entropy'}",0.945054945054945,0.9230769230769231,0.9560439560439561,0.9340659340659341,0.9120879120879121,0.9340659340659341,0.015540808377726326,11
0.012575960159301758,0.0026857817383567823,0.006304407119750976,0.0025901065631467424,5,2,8,gini,"{'min_samples_split': 5, 'min_samples_leaf': 2, 'max_depth': 8, 'criterion': 'gini'}",0.9120879120879121,0.9010989010989011,0.9560439560439561,0.945054945054945,0.9010989010989011,0.9230769230769231,0.02305074391582751,33
0.016502189636230468,0.0025705281931092477,0.005884361267089844,0.0008819861958216466,2,2,8,entropy,"{'min_samples_split': 2, 'min_samples_leaf': 2, 'max_depth': 8, 'criterion': 'entropy'}",0.9340659340659341,0.9230769230769231,0.9560439560439561,0.9340659340659341,0.9120879120879121,0.9318681318681319,0.014578570507056717,14
0.012860488891601563,0.0030939360227073658,0.0060879230499267575,0.0015552471044787048,2,1,5,gini,"{'min_samples_split': 2, 'min_samples_leaf': 1, 'max_depth': 5, 'criterion': 'gini'}",0.9120879120879121,0.9010989010989011,0.967032967032967,0.9120879120879121,0.9340659340659341,0.9252747252747252,0.023466106048420466,31
0.01618680953979492,0.0030370303890443844,0.007471132278442383,0.0014901462811278505,10,2,7,entropy,"{'min_samples_split': 10, 'min_samples_leaf': 2, 'max_depth': 7, 'criterion': 'entropy'}",0.978021978021978,0.9010989010989011,0.978021978021978,0.945054945054945,0.9340659340659341,0.9472527472527472,0.028991002106094305,1
0.011953592300415039,0.002773375531005572,0.007012653350830078,0.0016667313151944954,10,2,3,gini,"{'min_samples_split': 10, 'min_samples_leaf': 2, 'max_depth': 3, 'criterion': 'gini'}",0.945054945054945,0.9010989010989011,0.945054945054945,0.9340659340659341,0.9340659340659341,0.9318681318681319,0.016150481820548408,14
0.01514577865600586,0.0010370944447287951,0.005562400817871094,0.000825670748853545,2,4,10,gini,"{'min_samples_split': 2, 'min_samples_leaf': 4, 'max_depth': 10, 'criterion': 'gini'}",0.9230769230769231,0.9120879120879121,0.9230769230769231,0.9560439560439561,0.9010989010989011,0.9230769230769231,0.01838813245129838,33
0.01670079231262207,0.0018381087354692755,0.006849050521850586,0.0015349737191830564,10,1,3,entropy,"{'min_samples_split': 10, 'min_samples_leaf': 1, 'max_depth': 3, 'criterion': 'entropy'}",0.978021978021978,0.9010989010989011,0.945054945054945,0.945054945054945,0.9230769230769231,0.9384615384615385,0.025630557779539757,8
0.015224170684814454,0.0015599732724748188,0.0055296897888183595,0.0009550326377680068,5,4,5,gini,"{'min_samples_split': 5, 'min_samples_leaf': 4, 'max_depth': 5, 'criterion': 'gini'}",0.9230769230769231,0.9120879120879121,0.9230769230769231,0.9560439560439561,0.9230769230769231,0.9274725274725275,0.01490621974313247,26
0.016548824310302735,0.0007719098387351353,0.006103658676147461,0.0015054678759839097,2,1,3,entropy,"{'min_samples_split': 2, 'min_samples_leaf': 1, 'max_depth': 3, 'criterion': 'entropy'}",0.978021978021978,0.9120879120879121,0.945054945054945,0.945054945054945,0.9340659340659341,0.9428571428571428,0.0213084828897421,5
0.014864015579223632,0.001131769970435181,0.006110668182373047,0.0011887021096968716,5,4,8,gini,"{'min_samples_split': 5, 'min_samples_leaf': 4, 'max_depth': 8, 'criterion': 'gini'}",0.9230769230769231,0.9120879120879121,0.9230769230769231,0.9560439560439561,0.9010989010989011,0.9230769230769231,0.01838813245129838,33
0.012085723876953124,0.0014658989573316712,0.007271575927734375,0.000606341457978924,5,4,3,gini,"{'min_samples_split': 5, 'min_samples_leaf': 4, 'max_depth': 3, 'criterion': 'gini'}",0.9340659340659341,0.9010989010989011,0.9340659340659341,0.9340659340659341,0.9340659340659341,0.9274725274725275,0.013186813186813183,26
0.017198467254638673,0.0003108680453399667,0.006281423568725586,0.001666470311734653,2,4,8,entropy,"{'min_samples_split': 2, 'min_samples_leaf': 4, 'max_depth': 8, 'criterion': 'entropy'}",0.967032967032967,0.9010989010989011,0.9340659340659341,0.9340659340659341,0.9230769230769231,0.9318681318681319,0.0213084828897421,14
0.013495779037475586,0.0014314701571367396,0.003060150146484375,0.00016361605230275132,2,1,8,gini,"{'min_samples_split': 2, 'min_samples_leaf': 1, 'max_depth': 8, 'criterion': 'gini'}",0.9230769230769231,0.8901098901098901,0.9340659340659341,0.9010989010989011,0.9340659340659341,0.9164835164835164,0.017855029460738393,48
0.009055757522583007,0.001235507166542446,0.003091573715209961,0.0002160525958530779,5,1,7,gini,"{'min_samples_split': 5, 'min_samples_leaf': 1, 'max_depth': 7, 'criterion': 'gini'}",0.9230769230769231,0.9010989010989011,0.967032967032967,0.8901098901098901,0.9230769230769231,0.9208791208791209,0.026373626373626387,45
0.008608055114746094,0.00045064132326784,0.0031289100646972657,0.00016535442131892765,2,2,10,entropy,"{'min_samples_split': 2, 'min_samples_leaf': 2, 'max_depth': 10, 'criterion': 'entropy'}",0.9340659340659341,0.9230769230769231,0.9560439560439561,0.9340659340659341,0.9120879120879121,0.9318681318681319,0.014578570507056717,14
0.007314300537109375,0.000184855541747605,0.0028766632080078126,5.171267653142184e-05,5,4,7,gini,"{'min_samples_split': 5, 'min_samples_leaf': 4, 'max_depth': 7, 'criterion': 'gini'}",0.9230769230769231,0.9120879120879121,0.9230769230769231,0.9560439560439561,0.9010989010989011,0.9230769230769231,0.01838813245129838,33
0.007914495468139649,0.0003267626054580826,0.003019905090332031,0.0001730414125180969,10,4,3,entropy,"{'min_samples_split': 10, 'min_samples_leaf': 4, 'max_depth': 3, 'criterion': 'entropy'}",0.978021978021978,0.9010989010989011,0.945054945054945,0.945054945054945,0.9230769230769231,0.9384615384615385,0.025630557779539757,8
0.007324361801147461,0.00023719855005064822,0.003005313873291016,0.0001869721851172153,5,2,5,gini,"{'min_samples_split': 5, 'min_samples_leaf': 2, 'max_depth': 5, 'criterion': 'gini'}",0.9120879120879121,0.9010989010989011,0.9560439560439561,0.945054945054945,0.9120879120879121,0.9252747252747253,0.021308482889742117,29
0.007158994674682617,9.464502908163853e-05,0.0030382156372070314,0.00016521354052714067,2,4,7,gini,"{'min_samples_split': 2, 'min_samples_leaf': 4, 'max_depth': 7, 'criterion': 'gini'}",0.9230769230769231,0.9120879120879121,0.9230769230769231,0.9560439560439561,0.9010989010989011,0.9230769230769231,0.01838813245129838,33
0.006123590469360352,0.0001470939765560847,0.002887439727783203,4.4522497655242954e-05,2,2,3,gini,"{'min_samples_split': 2, 'min_samples_leaf': 2, 'max_depth': 3, 'criterion': 'gini'}",0.9340659340659341,0.9010989010989011,0.945054945054945,0.9340659340659341,0.9340659340659341,0.9296703296703297,0.014906219743132446,24
0.00701436996459961,0.00020849186594758737,0.0029651165008544923,0.0001746488983013211,10,4,5,gini,"{'min_samples_split': 10, 'min_samples_leaf': 4, 'max_depth': 5, 'criterion': 'gini'}",0.945054945054945,0.9120879120879121,0.9230769230769231,0.9340659340659341,0.9230769230769231,0.9274725274725275,0.011206636293610506,26
0.007903432846069336,0.00041930695502459216,0.0027677536010742186,0.00014218852307156592,10,1,10,gini,"{'min_samples_split': 10, 'min_samples_leaf': 1, 'max_depth': 10, 'criterion': 'gini'}",0.9120879120879121,0.9120879120879121,0.9560439560439561,0.9120879120879121,0.9340659340659341,0.9252747252747252,0.017582417582417607,31
